{
  "web/eslint.config.js": 1775651343.7159667,
  "web/vite.config.ts": 1775868700.9469705,
  "web/src/main.tsx": 1775651343.7198772,
  "web/src/App.tsx": 1776014395.5540755,
  "web/src/types.ts": 1776016203.3577642,
  "web/src/hooks/useBoard.ts": 1775661952.214968,
  "web/src/components/AddCardDialog.tsx": 1775661700.4164512,
  "web/src/components/ActivityBar.tsx": 1775847056.6335604,
  "web/src/components/Toast.tsx": 1775661728.5052898,
  "web/src/components/Header.tsx": 1775999260.418097,
  "web/src/components/Board.tsx": 1775999487.6507626,
  "web/src/components/Lane.tsx": 1776000180.9158027,
  "web/src/components/CardDetail.tsx": 1776000444.4187257,
  "web/src/components/ActivityFeed.tsx": 1776014820.6937063,
  "web/src/components/Card.tsx": 1776016191.3465643,
  "web/src/lib/utils.ts": 1775661595.1853101,
  "DESIGN.md": 1775948249.8973176,
  "README.md": 1776046758.201865,
  "web/README.md": 1775651343.7153995,
  "examples/CLAUDE.md": 1775847293.130806,
  "web/public/favicon.svg": 1775651343.716561,
  "web/public/icons.svg": 1775651343.7170107
}